name,genre
 Draaco Aventura ,Pop Latino
 Justin Bieber ,Pop
 Peer van Mladen ,House
 Chris Janson ,Country
 One Direction ,Pop
 Drake ,Hip-Hop/Rap
 Carrie Underwood ,Country
 Ed Sheeran ,Singer/Songwriter
 Taylor Swift ,Pop
 Chris Brown ,Pop
 Nicki Minaj ,Hip-Hop
 Fifth Harmony ,Pop
 Thomas Rhett  ,Contemporary Country
 Eminem ,Rap
 Beyoncé ,Pop
 Twenty One Pilots ,Alternative
 5 Seconds Of Summer ,Pop/Rock
 Jason Aldean ,Country
 Luke Bryan ,Contemporary Country
 Blake Shelton ,Country
 Rihanna ,Pop
 Elvis Presley ,Rock
 Ariana Grande ,Pop
 JD Shelburne ,Country
 Lil Wayne ,Hip-Hop/Rap
 Demi Lovato ,Pop
 Maroon 5 ,Pop/Rock
 George Strait ,Country
 Wiz Khalifa ,Hip-Hop/Rap
 Miranda Lambert ,Country
 Katy Perry ,Pop
 Miley Cyrus ,Pop
 Tim McGraw ,Country
 The Weeknd ,R&B/Soul
 Macklemore & Ryan Lewis ,Hip-Hop
 Ellie Goulding ,Pop
 Michael Jackson ,Pop
 Rascal Flatts ,Country
 Britney Spears ,Pop
 Zac Brown Band ,Country
 Hearty2Raw ,Hip-Hop/Rap
 Future ,Hip-Hop/Rap
 Lady Antebellum ,Country
 Keith Urban ,Country
 Tori Kelly ,Pop/Rock
 2Pac ,Gangsta Rap
 Ciara ,Pop
 Old Dominion ,Country
 Randy Houser ,Country
 Eric Church ,Country
 Shakira ,World/International
 Little Big Town ,Country
 Rick Ross ,Hip-Hop/Rap
 Toby Keith ,Country
 Sia ,Pop
 Dixie Chicks ,Country
 Kanye West ,Hip-Hop/Rap
 Shania Twain ,Country
 Enrique Iglesias ,Pop
 Kellie Pickler ,Country
 Lana Del Rey ,Alternative
 Freddie Mercury ,Rock
 Martin Garrix ,House
 Brett Eldredge ,Country
 Trey Songz ,R&B/Soul
 Mariah Carey ,Pop
 Jennifer Lopez ,Pop
 R. Kelly ,R&B/Soul
 50 Cent ,Hip-Hop/Rap
 Kenny Chesney ,Country
 Linkin Park ,Alternative
 Akon ,Hip-Hop/Rap
 Avenged Sevenfold ,Hard Rock
 John Legend ,R&B/Soul
 Cole Swindell ,Country
 Chris Young ,Contemporary Country
 Hunter Hayes ,Country
 Canaan Smith ,Country
 Madonna ,Pop
 Coldplay ,Rock
 Jay Z ,Hip-Hop/Rap
 Lady Gaga ,Pop
 Iggy Azalea ,Hip-Hop/Rap
 Chase Rice ,Country
 Danielle Bradbery ,Country
 Dustin Lynch ,Country
 Kacey Musgraves ,Country
 Alan Jackson ,Country
 Backstreet Boys ,Pop
 The Vamps ,Pop/Rock
 Kendrick Lamar ,Alternative Rap
 Becky G ,Pop
 Josh Turner ,Country
 Brad Paisley ,Country
 Rachel Platten ,Pop
 Reba McEntire ,Contemporary Country
 Darius Rucker ,Country
 Florida Georgia Line ,Contemporary Country
 Barbra Streisand ,Pop
 Fall Out Boy ,Alternative
 K. Michelle ,R&B/Soul
 Calvin Harris ,Pop
 Jana Kramer ,Country
 Kenny Rogers ,Country
 Rita Ora ,Pop
 TLC ,R&B/Soul
 Aaliyah ,R&B/Soul
 Kirk Franklin ,R&B/Soul
 Kid Rock ,Rock
 Skrillex ,Electronic
 Ed Roman ,Folk-Rock
 Lonestar ,Alternative Country
 Nelly ,Hip-Hop/Rap
 Willie Nelson ,Country
 Charli XCX ,Pop
 Jessie J ,Pop
 Westlife ,Pop
 Tinashe ,R&B/Soul
 DMX ,Hip-Hop/Rap
 Meek Mill ,Hip-Hop
 Usher ,Pop
 Dolly Parton ,Country
 Foo Fighters ,Rock
 Mark Wills ,Country
 Pentatonix ,Pop
 Flo Rida ,Rap
 Whitney Houston ,Pop
 Avril Lavigne ,Pop
 Pharrell Williams ,Pop
 Dwight Yoakam ,Country
 Lee Brice ,Country
 Johnny Cash ,Country
 Vince Gill ,Country
 Imagine Dragons ,Alternative
 Jake Owen ,Contemporary Country
 Martina McBride ,Country
 Colt Ford ,Country
 Dierks Bentley ,Country
 Guns N' Roses ,Rock
 Justin Timberlake ,Pop
 Kelly Clarkson ,Pop
 Metallica ,Metal
 Scotty McCreery ,Country
 Merle Haggard ,Country
 Alessia Cara ,Pop
 A Thousand Horses ,Southern Rock
 Brooks & Dunn ,Country
 Elle King ,Alternative
 Rod Stewart ,Rock
 Ja Rule ,Hip-Hop/Rap
 Lauren Alaina ,Country
 Marc Anthony ,World/International
 Tyler Farr ,Contemporary Country
 Adam Lambert ,Pop
 Gary Allan ,Country
 George Jones ,syndicated_group_a
 Krystal Keith ,Country
 Ray Charles ,Vocal Jazz
 Red Hot Chili Peppers ,Rock
 August Alsina ,R&B/Soul
 Air Supply ,Pop
 Brandy ,R&B/Soul
 OneRepublic ,Pop/Rock
 Pitbull ,Pop/Rock
 Robin Thicke ,R&B/Soul
 Snoop Dogg ,Hip-Hop/Rap
 Travis Tritt ,Country
 Chvrches ,Electronica
 Lorde ,Alternative
 Alison Krauss & Union Station ,Bluegrass
 A$AP Rocky ,Hip-Hop/Rap
 Panic! At the Disco ,Alternative
 Sheryl Crow ,Country
 Trace Adkins ,Country
 Bone Thugs-n-Harmony ,Hip-Hop/Rap
 David Nail ,Country
 Duran Duran ,New Wave
 Wallpaper. ,Pop
 Ashley Monroe ,Country
 Christina Aguilera ,Pop
 Diana Ross ,R&B/Soul
 Nas ,Hip-Hop
 Norah Jones ,Pop
 Alicia Keys ,R&B/Soul
 Faith Hill ,Country
 MGK ,Rap
 Austin Mahone ,Pop
 James Bay ,Adult Alternative
 Charlie Puth ,Pop
 Amy Winehouse ,Soul
 G-Eazy ,Hip-Hop/Rap
 Mumford & Sons ,Alternative
 Nickelback ,Rock
 Sara Evans ,Country
 Sean Paul ,Reggaeton y Hip-Hop
 Spice Girls ,Pop
 Train ,Pop/Rock
 Dr. Dre ,Hip-Hop/Rap
 Jennifer Nettles ,Country
 Lucinda Williams ,Alternative Country
 The Script ,Pop/Rock
 Dan + Shay ,Country
 Aaron Lewis ,Contemporary Country
 Billy Currington ,Country
 Cher Lloyd ,Teen Pop
 Paramore ,Alternative
 P!nk ,Pop
 Slipknot ,Metal
 Nirvana ,Grunge
 Seal ,R&B/Soul
 The Beatles ,Pop
 Céline Dion ,Pop
 Lionel Richie ,Alternative
 Panjabi MC ,Dance
 Randy Travis ,Country
 blink-182 ,Rock
 Gene Watson ,Traditional Country
 J. Cole ,Hip-Hop/Rap
 James Blunt ,Pop/Rock
 Sara Bareilles ,Singer/Songwriter
 Heidi Feek ,Americana
 Alice Cooper ,Rock
 Ashanti ,R&B/Soul
 Omarion ,R&B/Soul
 Shane Owens ,Country
 The Mavericks ,Contemporary Country
 Jess Glynne ,Pop
 Emmylou Harris ,Blues/Folk
 LeAnn Rimes ,Country
 Bee Gees ,Disco
 Bow Wow ,Hip-Hop/Rap
 Jake Miller ,Hip-Hop/Rap
 Major Lazer ,Reggae
 Omi ,World
 Olivia Newton-John ,Disco
 Ricky Martin ,World/International
 Ronnie Dunn ,Contemporary Country
 The Rolling Stones ,Rock
 Saint Gurmeet Ram Rahim Singh Ji Insan ,Praise & Worship
 mako girls ,Pop
 Big Time Rush ,Pop
 Bob Marley ,Ska
 Bon Jovi ,Rock & Roll
 Clint Black ,Country
 Fabolous ,Hip-Hop/Rap
 Jessie James Decker ,Country
 Ke$ha ,Pop
 Mario ,R&B/Soul
 Rodney Carrington ,Comedy
 Toni Braxton ,R&B/Soul
 Marianas Trench ,Pop/Rock
 big and rich ,Country
 Travi$ Scott ,Hip-Hop/Rap
 AVANT ,Soul
 Green Day ,Punk
 LL Cool J ,Hip-Hop/Rap
 Meat Loaf ,Rock
 WALK THE MOON ,Alternative
 Jon Pardi ,Alternative Country
 Hozier ,Acoustic Blues
 Ola Dips ,Rap
 2 Chainz ,Hip-Hop/Rap
 AC/DC ,Rock
 All Time Low ,Alternative
 Billie Holiday ,Jazz
 Bonnie Raitt ,Americana
 Craig Morgan ,Country
 Disturbed ,Metal
 French Montana ,Hip-Hop
 Jason Mraz ,College Rock
 Lee Ann Womack ,Americana
 Marty Stuart ,Country
 Michael Bolton ,Pop
 Sugarland ,Country
 The Black Keys ,Alternative
 Yolanda Adams ,R&B/Soul
 Echosmith ,Alternative
 Anthony Hamilton ,R&B/Soul
 Collective Soul ,Rock
 Def Leppard ,British Invasion
 Ice Cube ,Hip-Hop/Rap
 Erykah Badu ,R&B/Soul
 John Mayer ,Rock
 Kid Ink ,Rap
 Lindsay Ell ,Country
 Lynyrd Skynyrd ,Southern Rock
 Mindless Behavior ,Pop
 Pistol Annies ,Country
 Rodney Atkins ,Country
 Shaggy ,Reggae
 T-Pain ,Hip-Hop/Rap
 Tina Turner ,Pop
 Tool ,Rock
 Trisha Yearwood ,Country
 The Lacs ,Alternative Country
 The Chainsmokers ,House
 99 ,Electronic
 Alabama ,Country
 Blackberry Smoke ,Outlaw Country
 Busta Rhymes ,Hip-Hop/Rap
 David Bowie ,Glam Rock
 David Cook ,Pop/Rock
 Don Omar ,Reggaeton y Hip-Hop
 Hot Chelle Rae ,Pop
 Jessica Simpson ,Pop
 Jo Dee Messina ,Country
 Loretta Lynn ,Country
 Maxwell ,R&B/Soul
 Montgomery Gentry ,Contemporary Country
 Monica ,R&B/Soul
 Pink Floyd ,Prog-Rock/Art Rock
 Pierce the Veil ,Hardcore
 Queen ,Rock
 Young Jeezy ,Hip-Hop/Rap
 The Spill Canvas ,Rock
 Tom Jones ,Pop
 Whitesnake ,Rock
 Will.I.Am ,Pop
 Jacquie Lee ,Pop
 Aerosmith ,Rock
 Beastie Boys ,Punk
 B.o.B ,Hip-Hop/Rap
 Cee-Lo Green ,R&B/Soul
 Chris LeDoux ,Country
 Clutch ,Rock & Roll
 Easton Corbin ,Traditional Country
 Foreigner ,Rock
 Gavin DeGraw ,Singer/Songwriter
 Hollywood Undead ,Rock
 Jerrod Niemann ,Country
 Lauryn Hill ,Hip-Hop/Rap
 Missy Elliott ,Hip-Hop/Rap
 Seether ,Rock
 Tiësto ,Electronic
 Thompson Square ,Country
 Tracy Lawrence ,Country
 Uncle Kracker ,Alternative Country
 Casey James ,Country
 Brandon Michael ,Pop
 Aretha Franklin ,R&B/Soul
 Boyz II Men ,R&B/Soul
 Corb Lund ,Alternative Country
 Cyndi Lauper ,Rock
 Gorillaz ,Hip-Hop/Rap
 Keyshia Cole ,R&B/Soul
 Laura Bell Bundy ,Country
 Mac Miller ,Hip-Hop/Rap
 Ludacris ,Hip-Hop/Rap
 Mary J. Blige ,R&B/Soul
 Paris Hilton ,Rock
 The Killers ,Rock
 U2 ,Rock
 Van Halen ,Classic Rock
 ZZ Top ,Rock
 Alice in Chains ,Alternative
 Asking Alexandria ,Hard Rock
 Billy Ray Cyrus ,Country
 Chris Tomlin ,Praise & Worship
 Daughtry ,Rock
 Evanescence ,Rock
 Fleetwood Mac ,Rock
 Kelly Price ,R&B/Soul
 Lucy Hale ,Contemporary Country
 Meghan Linsey ,Country
 Miguel ,R&B/Soul
 Ne-Yo ,R&B/Soul
 Tech N9ne ,Hip-Hop/Rap
 The Cult ,Rock
 Trans-Siberian Orchestra ,Rock
 Wale ,Hip-Hop
 John Newman ,Electronic
 Thirty Seconds to Mars ,Rock
 Afrojack ,Dance
 Babyface ,R&B/Soul
 Chuck Wicks ,Country
 Creed ,Rock
 Dean Brody ,Country
 Eagles ,Rock
 Hanson ,Pop/Rock
 Janis Joplin ,Rock
 Kyle Park ,Contemporary Country
 Jimmy Buffett ,Classic Rock
 John Michael Montgomery ,Country
 Jonas Brothers ,Pop/Rock
 Julie Roberts ,Americana
 k.d. lang ,Country
 Love and Theft ,Contemporary Country
 Matt Stillwell ,Alternative Country
 Paul McCartney ,Rock & Roll
 Patty Loveless ,Country
 Pearl Jam ,Rock
 Rhett Akins ,Country
 Ronnie Milsap ,Country
 Steve Aoki ,Dance
 Sting ,Rock
 System of a Down ,Rock
 The Fray ,Rock
 Third Eye Blind ,Alternative
 Three Days Grace ,Alternative
 Will Smith ,Hip-Hop/Rap
 Futuristic ,Hip-Hop/Rap
 Krewella ,Electronic
 Andy Grammer ,Pop
 RaeLynn ,Contemporary Country
 Damien Escobar ,Hip-Hop
 Ace Hood ,Hip-Hop/Rap
 Armin van Buuren ,Trance
 Brian McKnight ,R&B/Soul
 Bruce Springsteen ,Rock
 Charlie Robison ,Country
 Chris Stapleton ,Country
 Christina Perri ,Pop/Rock
 Corey Smith ,Alternative Country
 Dashboard Confessional ,Rock
 Destiny's Child ,R&B/Soul
 Dionne Warwick ,Soul
 Elton John ,Pop/Rock
 Five Finger Death Punch ,Metal
 Holly Williams ,Americana
 James Otto ,Contemporary Country
 John Denver ,Singer/Songwriter
 Kate Ryan ,Dance
 Kiss ,Rock
 Lalah Hathaway ,R&B
 Led Zeppelin ,Rock
 Michael Bublé ,Easy Listening
 Nelly Furtado ,Pop
 Pusha T ,Hip-Hop/Rap
 Rachel Potter ,Contemporary Country
 Raheem DeVaughn ,R&B/Soul
 Rhonda Vincent ,Country
 Robert Plant ,Rock
 Shinedown ,Rock
 Smokey Robinson ,R&B/Soul
 Terri Clark ,Country
 The Grascals ,Bluegrass
 Tamar Braxton ,Contemporary R&B
 BANKS ,Alternative
 Zack Knight ,Contemporary R&B
 Lacy Cavalier ,Country
 Chase Bryant ,Country
 Karen Waldrup ,Country
 Bank Notes ,Hip-Hop/Rap
 Amerie ,R&B/Soul
 Black Sabbath ,Metal
 Boys Like Girls ,Rock
 George Michael ,Pop/Rock
 Kelleigh Bannen ,Contemporary Country
 Korn ,Alternative
 Lykke Li ,Pop/Rock
 MAX ,Pop/Rock
 Natasha Bedingfield ,Pop
 Nikki Lane ,Outlaw Country
 Phil Vassar ,Country
 Rammstein ,Rock
 Richard Marx ,Adult Contemporary
 Ryan Adams ,Alternative Country
 Styx ,Alternative
 The Wanted ,Pop
 Cinderella ,Rock
 The 1975 ,Indie Rock
 Tom Odell ,Alternative
 Sundy Best ,Country
 Keith Walker ,Contemporary Country
 Aaron Watson ,Country
 Azealia Banks ,Rap
 Bilal ,Soul
 Bob Seger ,Rock
 Bobby Bare ,Country
 Cher ,Pop
 Cobra Starship ,Alternative
 Daft Punk ,Dance
 Diplo ,Dance
 Fantasia ,R&B/Soul
 Fergie ,Electronic/Dance
 Frankie Ballard ,Country
 fun. ,Alternative
 Hilary Duff ,Pop
 Joe Thomas ,R&B/Soul
 Jessie Ware ,Pop
 Jethro Tull ,Rock
 Juicy J ,Hip-Hop/Rap
 Leona Lewis ,Rock
 Lyle Lovett ,Country
 Marco Antonio Solís ,World/International
 Mary Mary ,R&B/Soul
 Newsboys ,Christian & Gospel
 Nicole Scherzinger ,Rock
 Pat Benatar ,Rock
 Paulina Rubio ,Pop
 Shawn Mullins ,Rock
 SHeDAISY ,Country
 Shelby Lynne ,Americana
 Simple Plan ,Pop/Rock
 Soundgarden ,Rock
 The Beach Boys ,Rock
 The Cranberries ,Rock
 The Smashing Pumpkins ,Alternative
 UB40 ,Reggae
 William Fitzsimmons ,Contemporary Folk
 Alabama Shakes ,Rock
 Haze Da Punter ,Hip-Hop
 Nico & Vinz ,Pop
 Alanis Morissette ,Pop/Rock
 Anita Baker ,Soul
 Angie Stone ,R&B/Soul
 Bad Company ,Classic Rock
 Big Punisher ,Hip-Hop/Rap
 Casey Donahew Band ,Country
 Chely Wright ,Country
 Christina Milian ,R&B/Soul
 Colbie Caillat ,Pop
 Craig Campbell ,Country
 Crystal Gayle ,Country
 Culture Club ,New Wave
 D12 ,Hip-Hop
 Empire of the Sun ,Alternative
 Faith Evans ,R&B/Soul
 Fat Joe ,Hip-Hop/Rap
 Gloria Estefan ,World/International
 Jim Lauderdale ,Country
 Jill Scott ,R&B/Soul
 Jon B. ,Hip-Hop/Rap
 Katharine McPhee ,Pop
 Julyo ,World
 Keane ,Alternative
 Mastodon ,Metal
 matchbox twenty ,Rock
 Mystikal ,Hip-Hop/Rap
 Nick Carter ,Pop
 Papa Roach ,Rock
 Robin Lee Field ,Singer/Songwriter
 Rosanne Cash ,Country
 Scorpions ,Rock
 The Swon Brothers ,Country
 Tim Dugger ,Country
 Too Short ,Hip-Hop/Rap
 Trina ,Hip Hop
 Waka Flocka Flame ,Rap
 Phillip Phillips ,Rock
 Martin Kimble ,Alternative
 Christopher Thomas Holt ,Contemporary Country
 TheRockTheDance ,House
 Chance the Rapper ,Hip-Hop/Rap
 yasmeen williams ,Gospel
 3 Doors Down ,Rock
 3OH!3 ,Alternative
 Angus & Julia Stone ,Alternative Folk
 Ashlee Simpson ,Pop
 Barry Manilow ,Adult Contemporary
 Birdman ,Hip-Hop/Rap
 Bob Dylan ,Rock
 Chayanne ,World/International
 Charlie Worsham ,Country
 Chrisette Michele ,Hip-Hop
 Chris Cagle ,Country
 Clay Walker ,Country
 Death Cab for Cutie ,Alternative
 Dido ,Alternative
 Dru Hill ,R&B/Soul
 Emeli Sandé ,Pop
 Frank Sinatra ,Jazz
 Jack White ,Rock
 India.Arie ,R&B/Soul
 INXS ,Rock
 Jeremy Camp ,Christian & Gospel
 Kylie Minogue ,Pop
 Jimi Hendrix ,Rock
 Jim Croce ,Pop
 John Fogerty ,Rock & Roll
 Leonard Cohen ,Folk-Rock
 Lenny Kravitz ,Alternative
 Lucero ,Alternative Country
 Mat Kearney ,Singer/Songwriter
 Michael W. Smith ,Christian & Gospel
 Noah and the Whale ,Rock
 No Doubt ,Pop
 Nina Simone ,Soul
 Oasis ,Alternative
 Olly Murs ,Pop
 OutKast ,Hip-Hop/Rap
 Pantera ,Metal
 Ray LaMontagne ,Folk-Rock
 Radiohead ,Rock
 Santana ,Rock
 Sarah Brightman ,Pop
 Sepultura ,Rock
 Sleeping With Sirens ,Pop/Rock
 Suzy Bogguss ,Country
 Taking Back Sunday ,Rock
 Tears for Fears ,Pop
 The Avett Brothers ,Rock
 The All-American Rejects ,Pop
 The Nitty Gritty Dirt Band ,Rock
 Three Dog Night ,American Trad Rock
 We Are The In Crowd ,Pop/Rock
 Bill Anderson ,Traditional Country
 Wynonna ,Country
 Alt-J ,Indie Rock
 Farruko ,Reggaeton y Hip-Hop
 DJ Kasualmadness ,Electronic
 A Great Big World ,Pop
 AGER ,Underground Rap
 Los De La T ,Pop Latino
 Asleep at the Wheel ,Traditional Country
 CeCe Winans ,R&B/Soul
 Cliff Richard ,Classic Rock
 Christian Kane ,Country
 Cypress Hill ,Hip-Hop/Rap
 Danity Kane ,Alternative
 Deana Carter ,Contemporary Country
 Diamond Rings ,Alternative
 DJ Mustard ,Hip-Hop
 DJ Rap ,Dance
" Earth, Wind & Fire ",R&B/Soul
 Erasure ,House
 Glen Campbell ,Country
 Great White ,Blues-Rock
 Heart ,Rock
 Jerry Jeff Walker ,Country
 Joss Stone ,Soul
 Keri Hilson ,Contemporary R&B
 Keith Richards ,Rock
 Kelly Rowland ,R&B/Soul
 Kevin Fowler ,Country
 Kindred the Family Soul ,R&B/Soul
 KRS-One ,Hip-Hop/Rap
 Laura Pausini ,VH1 Celebrity
 Lifehouse ,Pop/Rock
 LOCASH ,Contemporary Country
 Megadeth ,Metal
 Miranda Cosgrove ,Rock
 Mick Jagger ,Rock
 Michelle Branch ,Pop
 Milli Vanilli ,Pop
 Morgan Heritage ,Reggae
 NewSong ,Christian Pop
 Ozzy Osbourne ,Rock
 Passenger ,Alternative Folk
 Pat Green ,Country
 Parmalee ,Country
 Plies ,Rap
 Radney Foster ,Country
 Rage Against the Machine ,Rock
 Real Money ,Hip-Hop/Rap
 Rick Astley ,Pop
 Rob Thomas ,Rock
 Roxette ,Pop/Rock
 Roy Orbison ,Rock
 Ruthie Collins ,Country
 Sean Kingston ,Hip-Hop/Rap
 Simply Red ,Soul
 Snow Patrol ,Rock
 Soul Asylum ,Alternative
 Steve Earle ,Folk-Rock
 Swedish House Mafia ,Dance
 Tank ,R&B/Soul
 The Bloody Beetroots ,Electronic
 The Fabulous Thunderbirds ,Blues/Folk
 Timeflies ,Electronic
 Type O Negative ,Metal
 Wu-Tang Clan ,Hip-Hop
 Zakk Wylde ,Rock
 Ben Howard ,Contemporary Singer/Songwriter
 Hugh Bob and The Hustle ,Alternative Country
 Galantis ,Electronic
 Onur Özsu ,Pop
 NAZERETH LOVE JONES ,Blues-Rock
 Devonte Riley ,R&B/Soul
 A Rocket to the Moon ,Rock
 Aaron & Amanda Crabb ,Country Gospel
 Black Eyed Peas ,Hip-Hop/Rap
 Avery Sunshine ,R&B/Soul
 Baby Bash ,Hip-Hop
 Björk ,Rock
 Bloc Party ,Indie Rock
 Chuck Berry ,Rock
 Cledus T. Judd ,Country
 Cowboy Troy ,Country
 Darryl Worley ,Country
 David Ball ,Country
 Diana Krall ,Jazz
 Donna Summer ,Disco
 Drake Bell ,Pop/Rock
 Everlast ,Singer/Songwriter
 Foy Vance ,Contemporary Singer/Songwriter
 Garbage ,Rock
 Gene Autry ,Country
 Grace Potter & the Nocturnals ,Rock
 Halestorm ,Rock
 Israel Vibration ,Reggae
 Jack Johnson ,Alternative Folk
 Jake Bugg ,Rock
 Jerry Rivera ,World/International
 Jimmy Page ,Rock
 John Prine ,Pop
 John Mellencamp ,Rock & Roll
 Karmin ,Teen Pop
 Katie Melua ,Easy Listening/Vocal
 Keke Palmer ,R&B/Soul
 KT Tunstall ,Rock
 Limp Bizkit ,Alternative
 Liz Phair ,Rock
 Live ,Rock
 Los Lonely Boys ,Rock
 Macy Gray ,Hip-Hop/Rap
 Lupe Fiasco ,Hip-Hop/Rap
 Megha Maan ,Hip-Hop/Rap
 Mickey Gilley ,Country
 Motion City Soundtrack ,Rock
 Neal McCoy ,Country
 Neon Trees ,Alternative
 Nonpoint ,Metal
 Passion Pit ,Alternative
 Pepe Aguilar ,Regional Mexicano
 Rehab ,Hip-Hop/Rap
 R.E.M. ,Rock
 Restless Heart ,Country
 Rodney Crowell ,Americana
 Robbie Williams ,Pop
 Rose Falcon ,Country
 Selena ,World/International
 Sierra Hull ,Americana
 Sixx:A.M. ,Rock
 Steve Holy ,Contemporary Country
 The Black Crowes ,Rock
 The Calling ,My Super Sweet 16
 The Walkmen ,Alternative
 Theory of a Deadman ,Rock
 Tony Bennett ,Standards
 Travis Barker ,Hip-Hop/Rap
 Vampire Weekend ,Indie Rock
 AM ,Alternative
 Phoenix ,Alternative
 MKTO ,Pop
 Morgan Frazier ,Country
 R5 ,Pop/Rock
 Sevyn Streeter ,R&B/Soul
 Sanek ,Hip-Hop/Rap
 Lindsey Erin ,Country
 Kelvyn Colt ,Hip-Hop/Rap
 Kree Harrison ,Country
 London Grammar ,Electronic
 Chanel West Coast ,West Coast Rap
 Rixton ,Pop/Rock
 Mick Jenkins ,Rap
 NF ,Hip-Hop/Rap
 Sam RUBIK ,Hip-Hop/Rap
 Eric Van Houten ,Country
 Aaron Neville ,R&B/Soul
 Against Me! ,Rock
 Arcade Fire ,Alternative
 Ben Harper ,R&B/Soul
 Blur ,Indie Rock
 Billy Idol ,Punk
 Billy Joe Shaver ,Country
 Billy Ocean ,Rock
 Black Stone Cherry ,Southern Rock
 Boz Scaggs ,R&B/Soul
 Brandi Carlile ,Singer/Songwriter
 Bryan White ,Country
 Burning Spear ,Reggae
 Candlebox ,Rock
 Clipse ,Hip-Hop/Rap
 Clay Aiken ,Pop
 Club Nouveau ,R&B/Soul
 Colton James ,Contemporary Country
 Cold War Kids ,Alternative
 CONOR MAYNARD ,Pop
 Daley ,Neo-Soul
 Crystal Bowersox ,Americana
 D'Angelo ,R&B/Soul
 Deftones ,Metal
 Edward Sharpe & the Magnetic Zeros ,Indie Rock
 Chet Faker ,Alternative
 Europe ,Rock
 Fort Minor ,Hip-Hop/Rap
 Frank Zappa ,Rock
 Gang Starr ,Hip-Hop/Rap
 Ginuwine ,R&B/Soul
 Gloriana ,Country
 Godsmack ,Hard Rock
 Good Charlotte ,Rock
 Green River Ordinance ,Alternative Country
 Haley Reinhart ,Pop
 Hundred Waters ,Indie Rock
 Hot Hot Heat ,Rock
 Heather Headley ,Soul
 Helloween ,Metal
 Hole ,Rock
 Insane Clown Posse ,Rock
 Jagged Edge ,R&B/Soul
 JB and the Moonshine Band ,Alternative Country
 Jerry Lee Lewis ,Rock
 Joan Jett ,Rock
 Joni Mitchell ,Blues/Folk
 Josh Groban ,Modern Composition
 Julian Casablancas ,Alternative
 Judas Priest ,Metal
 Kathleen Edwards ,Blues/Folk
 Kim Wilde ,Pop
 KMFDM ,Rock
 Lee Greenwood ,Country
 Lee Roy Parnell ,Country
 Lianne La Havas ,Alternative
 Lindi Ortega ,Americana
 Little Texas ,Country
 M83 ,Alternative
 Lucie Silvas ,Singer/Songwriter
 Michael McDonald ,Soul
 Marina and The Diamonds ,Indie Rock
 Marty Brown ,Traditional Country
 Matt and Kim ,Rock
 Metro Station ,Alternative
 Of Mice & Men ,Metal
 Of Monsters and Men ,Alternative
 Midnight Red ,Teen Pop
 Mudvayne ,Rock
 NEEDTOBREATHE ,Alternative
 Neil Young ,Alternative
 Naughty Boy ,Pop
 Naughty by Nature ,Hip-Hop/Rap
 New Politics ,Alternative
 Next 2 The Tracks ,Outlaw Country
 Paolo Nutini ,Pop
 Patty Griffin ,Singer/Songwriter
 Public Enemy ,Hip-Hop/Rap
 Robyn ,Pop
 Samuel Christian ,World
 Roy D. Mercer ,Country
 Rush ,Alternative
 Saint Motel ,Indie Rock
 Sherrié Austin ,Country
 Stevie Nicks ,Rock
 Steve Forbert ,Blues/Folk
 Sublime ,Alternative
 Suicidal Tendencies ,Punk
 Tegan and Sara ,Pop/Rock
 The Neighbourhood ,Alternative
 The Offspring ,Punk
 The Ready Set ,Pop
 The Used ,Alternative
 The Who ,Alternative
 Tommy Lee ,Rock
 Trapt ,Rock
 Zee Avi ,Alternative
 Youssou N'Dour ,World/International
 The Vacations ,Indie Rock
 Josh Thompson ,Country
 If Birds Could Fly ,Americana
 Striking Matches ,Country
 Sebastian Mikael ,R&B/Soul
 Robert DeLong ,Alternative
 Foxy Shazam ,Rock
 Kat Dahlia ,Rap
 vsopilla ,Hip-Hop/Rap
 Kylie Morgan ,Country
 AminIzrael. ,Hip-Hop
 A$AP Ferg ,Rap
 Milan Christopher ,Traditional Pop
 Lil Swirl ,Hip-Hop/Rap
 The Mugshots ,Rock
 wizdom Phoenix ,R&B/Soul
 P Tizi ,Hip-Hop/Rap
 The Bros. Landreth ,Americana
 Mayden HollyWood ,Pop/Rock
 WishTheVoice ,Electronica
 Eclipxica ,Pop/Rock
 A Fine Frenzy ,Rock
 .38 Special ,Classic Rock
 Act As If ,Alternative
 Airbourne ,Rock
 Alejandro Sanz ,World/International
 Anastácia ,Pop
 Allen Thompson ,Alternative Country
 Alexz Johnson ,Singer/Songwriter
 Aloe Blacc ,Soul
 Alter Bridge ,Rock
 Annie Lennox ,Pop
 Apocalyptica ,Modern Composition
 Arctic Monkeys ,Alternative
 Arrested Development ,Hip-Hop
 Augustana ,Roots Rock
 B. Howard ,Pop
 Bastille ,Alternative
 Barenaked Ladies ,Adult Alternative
 Beck ,Alternative
 Betty Wright ,R&B/Soul
 Big SMO ,Country
 Black Rebel Motorcycle Club ,Alternative
 Blondie ,New Wave
 Bohemia The Punjabi Rapper ,Hip-Hop/Rap
 Borgore ,Dance
 Bottleneck ,Alternative Country
 Breathe Carolina ,Rock
 Bush ,Rock
 Cage the Elephant ,Rock
 Cat Stevens ,Rock
 Casting Crowns ,Christian & Gospel
 Cheap Trick ,Rock
 Chicago ,Pop/Rock
 Chris Cornell ,Rock
 Chubby Checker ,Classic Rock
 Cold ,Rock
 Danielle Peck ,Contemporary Country
 David Adam Byrnes ,Contemporary Country
 De La Soul ,Hip-Hop
 Dillon Hodges ,Americana
 Donna Fargo ,Country
 Elaine Faye ,Soul
 Elvis Costello ,Rock
 Elizabeth Cook ,Outlaw Country
 Emerson Drive ,Country
 Eve ,Hip-Hop/Rap
 Faithless ,Dance/Electronic
 Fefe Dobson ,Pop/Rock
 Frankie J ,Pop
 Franz Ferdinand ,Rock
 Gabrielle Aplin ,Pop
 G. Love & Special Sauce ,Rock
 Gary Valenciano ,Pop
 Gregory Abbott ,Soul
 Graham Nash ,Rock
 Gwen Sebastian ,Country
 Hall & Oates ,Pop
 Hayes Carll ,Country
 Herbie Hancock ,R&B/Soul
 Hinder ,Rock
 Jackson Browne ,Blues/Folk
 In This Moment ,Rock
 Ingrid Michaelson ,Contemporary Singer/Songwriter
 Jack Ingram ,Country
 Janelle Monáe ,Funk
 Jerry Douglas ,Country
 Jim James ,Alternative
 Jordan Knight ,Pop
 Jonny Lang ,Blues
 Kate Bush ,Alternative
 Juelz Santana ,Hip-Hop/Rap
 Jukebox the Ghost ,Pop/Rock
 Junior Brown ,Americana
 Kasey Chambers ,Country
 Kat Graham ,Pop
 Kidd Kidd ,Hip-Hop
 Kottonmouth Kings ,Hip-Hop/Rap
 Lara Fabian ,Pop
 Manu Chao ,Alternative
 Leela James ,Pop
 Liryc ,World
 Lisa Marie Presley ,Rock
 Lily Allen ,Pop
 Little Boots ,Electronic
 Little Feat ,Rock
 Loreena McKennitt ,World/International
 Lucas Hoge ,Country
 Loverboy ,Rock
 Mandy Moore ,Pop
 Marillion ,Prog-Rock/Art Rock
 Mark Chesnutt ,Country
 Marvin Sapp ,R&B/Soul
 M.I.A. ,Alternative
 Melanie Fiona ,R&B/Soul
 Melissa Etheridge ,Rock
 Ministry ,Rock
 Moonshine Bandits ,Alternative
 Mötley Crüe ,Hard Rock
 Motörhead ,Metal
 Natalie Imbruglia ,Pop
 Natalie Merchant ,Pop
 Nappy Roots ,Hip-Hop/Rap
 Nat & Alex Wolff ,Rock
 Nanci Griffith ,Country
 Nervo ,House
 OK Go ,Rock
 Outshyne ,Country
 Patti LaBelle ,Soul
 REO Speedwagon ,Rock
 Redman ,MADE
 Rebelution ,Alternative
 Savage Garden ,Pop
 Serena Ryder ,Pop/Rock
 Set It Off ,Alternative
 Skillet ,Christian Rock
 Sunny Sweeney ,Traditional Country
 Take 6 ,R&B/Soul
 Tego Calderón ,Hip-Hop/Rap
 The Feeling ,Alternative
 The Bangles ,Rock
 The Civil Wars ,Alternative Folk
 The Glitch Mob ,Electronica
 The Surfaris ,Surf
 Tori Amos ,Rock
 Travie McCoy ,Hip-Hop
 Vanessa Carlton ,Pop/Rock
 Vanilla Ice ,Hip-Hop/Rap
 Various Artists ,Hip-Hop/Rap
 Van Morrison ,Rock
 Verse Simmonds ,Contemporary R&B
 Weezer ,Rock
" ""Weird Al"" Yankovic ",Novelty
 Wolfmother ,Rock
 Wyclef Jean ,J-Pop
 Yes ,Rock
 Matisyahu ,Pop/Rock
 Kimberly Nichole ,Pop/Rock
 Big Freedia ,Dance
 Youngblood Hawke ,Indie Rock
 mike taylor  ,Alternative
 Go Periscope ,Electronica
 Rachel Farley ,Country
 Jamie Lynn Spears ,Contemporary Country
 Maggie Eckford ,Contemporary Singer/Songwriter
 Rosco Bandana ,Alternative Country
 Babyface Benji ,Hip-Hop/Rap
 AC Da' Perfecto ,Hip-Hop/Rap
 Nicky Romero ,House
 Vinioci ,House
 MsBrooke Lauren ,Soul
 Braddy ,Hip-Hop/Rap
 Bei Bei ,Alternative Rap
 Lina Fouro ,Pop
 rollen stoner ,West Coast Rap
 Lil Cory ,Rap
 Mr Muffin ,Hip-Hop/Rap
 Wes Cook band ,Country
 The Kuntry Boyz ,Country
 SMASHY ,R&B/Soul
 Bugz bacardi ,Gangsta Rap
 November kennedy ,Afro-Beat
 Jaae Kash ,Rap
 Damien Jurado ,Folk-Rock
 311 ,Rock
 3kStatic ,Electronic
 Ab-Soul ,Hip-Hop/Rap
 AFI ,Alternative
 Action Bronson ,Rap
 Action Item ,Pop
 Adam Fears ,Alternative Country
 Allen Stone ,Soul
 Alex Band ,Pop/Rock
 Allison Moorer ,Country
 ...And You Will Know Us by the Trail of Dead ,Indie Rock
 Amy Grant ,Christian Pop
 Andy Griggs ,Country
 Andy Bell ,Rock
 Angels Fall ,American Trad Rock
 Anggun ,Rock
 Antonique Smith ,R&B/Soul
 Aphex Twin ,Dance/Electronic
 AWOLNATION ,Alternative
 Atmosphere ,Hip-Hop/Rap
 Ballyhoo! ,Alternative
 Benny Benassi ,House
 Bart Crow ,Alternative Country
 Belinda Carlisle ,Rock
 Bell Biv DeVoe ,R&B/Soul
 Better Than Ezra ,Rock
 Best Coast ,Indie Rock
 Beth Orton ,Rock
 Billy Joel ,Rock
 B.J. Thomas ,Country
 Blind Fury ,Hip-Hop/Rap
 Black Box Revelation ,Rock & Roll
 Bloodhound Gang ,Rock
 Bonnie Tyler ,Pop
 Brent Cobb ,Country
 Brett Dennen ,Adult Contemporary
 Brian Wilson ,Rock
 Bryan Ferry ,Rock
 Bryan Mayer ,Country
 Buddy Guy ,Blues/Folk
 Buddy Holly ,Rock
 Cake ,Rock
 Carole King ,Pop
 Carolina Liar ,Alternative
 Cat Power ,Indie Rock
 Chaka Khan ,Contemporary R&B
 Cheezy and the Crackers ,Easy Listening
 Chelsea Grin ,Metal
 Chromeo ,Electronic
 Cimorelli ,Pop
 Counting Crows ,Rock
 Copeland ,Indie Rock
 Collie Buddz ,R&B
 Connor Christian & Southern Gothic ,Outlaw Country
 Con Hunley ,Traditional Country
 Corinne Bailey Rae ,Pop
" Crosby, Stills & Nash ",Rock
 Crazy Town ,Rock
